point_rank,k_distance
1,0.4844583707570524
2,0.4845787497251412
3,0.4886962930151046
4,0.5007266807549142
5,0.5031076871557175
6,0.5031462890756938
7,0.509511948861754
8,0.5105181986683622
9,0.5122596039407699
10,0.5141951849935325
11,0.5147737667439319
12,0.521724488062587
13,0.5240074561200156
14,0.5270640236112213
15,0.5329413667741139
16,0.5338499713472266
17,0.5338499713472266
18,0.5345904019627797
19,0.535128762633161
20,0.5389812365873038
21,0.5389812365873038
22,0.5431105904873214
23,0.5453538484379662
24,0.5466645207230925
25,0.5482412684632179
26,0.5486968388146449
27,0.5486968388146449
28,0.5500427332261021
29,0.5557403222250398
30,0.5620702577515275
31,0.5629478315161309
32,0.5643921090073845
33,0.5643921090073845
34,0.5655958990721109
35,0.5676559111635703
36,0.5731174520677214
37,0.5733853095707013
38,0.5743297674615291
39,0.5787421256861635
40,0.5817205560012758
41,0.584859864096582
42,0.5862236078258367
43,0.5862663005101802
44,0.5867479459159636
45,0.5881952538521956
46,0.5888597354911321
47,0.5888597354911321
48,0.592645803852961
49,0.5928401172427823
50,0.5955126458246981
51,0.6000191155797238
52,0.6001612627420642
53,0.601315480675759
54,0.6032410621009057
55,0.6041292821521489
56,0.6047039233509931
57,0.6057970376607058
58,0.6076326717173154
59,0.6082606035151419
60,0.6089370201224265
61,0.6094190466246693
62,0.6094190466246693
63,0.6102720551370486
64,0.6110609661631694
65,0.6110609661631694
66,0.6115205194407451
67,0.6118266058384007
68,0.6126874415829017
69,0.6150281177276918
70,0.6160021339632223
71,0.6200410376084129
72,0.6202757785431398
73,0.6212951353660117
74,0.6217758825337454
75,0.6220780764827194
76,0.6229212368355541
77,0.623220372479293
78,0.6261672346587346
79,0.6264729821156797
80,0.6266857279105451
81,0.6267523838562633
82,0.6285110854688138
83,0.6288402701268442
84,0.6295562372892466
85,0.6319722277360135
86,0.6335908669739512
87,0.6337734276347052
88,0.6338659208228451
89,0.6350215097211046
90,0.6352237224280384
91,0.6352237224280384
92,0.635546782730546
93,0.6364483785470746
94,0.6366239713159164
95,0.637061664424865
96,0.6375702983446223
97,0.6403511533423487
98,0.6406561410877081
99,0.6422061698045552
100,0.6424411379801055
101,0.6428316155035727
102,0.6428988786076918
103,0.6437145647484985
104,0.6448992681542132
105,0.6448992681542132
106,0.6450414745522223
107,0.646133645584878
108,0.6463445776835433
109,0.6465643820621276
110,0.6468544595508406
111,0.6476008942070568
112,0.6477932065280804
113,0.6482390408421008
114,0.648488422769526
115,0.648553797938611
116,0.6487578228658727
117,0.6503774855428043
118,0.6523019489401184
119,0.6531558611989726
120,0.6537606869960876
121,0.6544741856744541
122,0.6552091438914542
123,0.6558014913396742
124,0.655961608308041
125,0.6576829814992028
126,0.6600273484212666
127,0.661570523726618
128,0.661884690422376
129,0.6629778986723434
130,0.6638690951831303
131,0.6646222434413914
132,0.6661932510129825
133,0.6669195685207864
134,0.6695733773587097
135,0.6706237410298663
136,0.6707132374078207
137,0.6710596670776142
138,0.6726446621628158
139,0.6751493305350273
140,0.67902767541306
141,0.6800945542745634
142,0.6801532446474864
143,0.6817127649124681
144,0.6825679448186331
145,0.6827037807441823
146,0.6842531879667024
147,0.6844020520432348
148,0.6844816168663255
149,0.6853101749399761
150,0.6855565984913908
151,0.6857109716892966
152,0.6857109716892966
153,0.6859998477648773
154,0.6862806778011291
155,0.6866365390448782
156,0.6866388392506031
157,0.6873346098621512
158,0.6878570372441326
159,0.688144326699893
160,0.688247719196582
161,0.6910312635953301
162,0.6919006077246441
163,0.6928040316547714
164,0.692860538042378
165,0.692963386766527
166,0.692963386766527
167,0.6961925697258062
168,0.6963236080395423
169,0.6974268702368361
170,0.6980857078469378
171,0.69810360851025
172,0.6985222966301426
173,0.6988202017498435
174,0.6992442179715564
175,0.6996204383330461
176,0.7017781296448464
177,0.7026980334790099
178,0.703972135381222
179,0.7062802816746752
180,0.7069372415539706
181,0.7069882654585539
182,0.7092787238386655
183,0.7094723417166818
184,0.7096100132348554
185,0.7097075677301514
186,0.7102548715092141
187,0.7104797274094148
188,0.7107028797596933
189,0.7119852572756763
190,0.7119852572756763
191,0.7123210727448455
192,0.7124103993090419
193,0.7131952460122866
194,0.7136581491380142
195,0.713719265479855
196,0.714286995116551
197,0.7153744200720312
198,0.7158978585687732
199,0.715966455562335
200,0.7171491966174864
201,0.7178234322225759
202,0.7187121513242526
203,0.7203262273600111
204,0.7226484797185352
205,0.7228965511422878
206,0.7246620849317592
207,0.725014505784069
208,0.7257471092445076
209,0.7258482805983515
210,0.7261984882801392
211,0.7278986663871795
212,0.7282109837299358
213,0.7305501979586604
214,0.7305501979586604
215,0.7310326689216247
216,0.7310714565534688
217,0.7328208185255674
218,0.7332831641726509
219,0.734417445115696
220,0.7346539800721708
221,0.7349140673648797
222,0.7349345703138235
223,0.7349345703138235
224,0.7366265412609782
225,0.7371346455607762
226,0.7371466928755218
227,0.73721046649123
228,0.7377086150499668
229,0.7382035834324006
230,0.7398313417861209
231,0.7402219575905933
232,0.7415066335173421
233,0.7429123855007217
234,0.7432758689164768
235,0.7440039266879942
236,0.7447720046397248
237,0.7458606667245751
238,0.7458995682481492
239,0.7459122462494415
240,0.7461306185140465
241,0.7466195969194818
242,0.7468126527671467
243,0.7473915069980585
244,0.7478820059934665
245,0.7480240621414527
246,0.7507921860197231
247,0.7510794929245354
248,0.7512647635972189
249,0.7513519522671489
250,0.7513519522671489
251,0.7536672340110939
252,0.7547222172203313
253,0.7557457281393851
254,0.7570777312981489
255,0.7574957385264022
256,0.7583237295592226
257,0.7589391668651309
258,0.7590379983724002
259,0.7598771501862748
260,0.75996265240492
261,0.7612701862794599
262,0.7614587689586951
263,0.7615187355593971
264,0.7638327297031067
265,0.7642633057710758
266,0.7648972979976171
267,0.7656296320488227
268,0.7656443857243649
269,0.765644483822387
270,0.765644483822387
271,0.766160323923196
272,0.7665882426770528
273,0.7665882426770528
274,0.7676019530685478
275,0.7677705933754181
276,0.7683449462139349
277,0.7693031915983697
278,0.7693851221781483
279,0.7704209250500016
280,0.7705569468255068
281,0.7707822397817743
282,0.7711550237228297
283,0.7723619223187064
284,0.7727130977681427
285,0.7727505280580392
286,0.7727505280580392
287,0.7729019356720733
288,0.7731279161595211
289,0.7734204378344361
290,0.7734482514829213
291,0.7739093911037972
292,0.7744870590579888
293,0.7744870590579888
294,0.7756041160938211
295,0.7756041160938211
296,0.7760452721561422
297,0.7776685465200243
298,0.7777877560820087
299,0.7784532297837836
300,0.7785008230786852
301,0.7785441535327694
302,0.7785441535327694
303,0.7787033899093085
304,0.7787503896653569
305,0.7788984168482935
306,0.7788984168482935
307,0.7798540791496381
308,0.779860586983177
309,0.7811823630696366
310,0.781684272709741
311,0.7819318374620294
312,0.7830132652517324
313,0.7833693896948583
314,0.7834999407118457
315,0.7840976631263614
316,0.784793912279313
317,0.784985903240185
318,0.7855303698756184
319,0.7860128823638507
320,0.786689082761393
321,0.786787938832293
322,0.7870493443489609
323,0.787058089589911
324,0.7874311319121301
325,0.7874446529910469
326,0.7874810905764079
327,0.787555490794289
328,0.787769713226442
329,0.7883972198334679
330,0.7886944317822563
331,0.7892359970892006
332,0.78946273147193
333,0.7895525546709066
334,0.7903886508174357
335,0.7905843676778072
336,0.7924556183987135
337,0.7924556183987135
338,0.7927867926385204
339,0.7929777041706688
340,0.793665829961276
341,0.7936702261552692
342,0.7938775401155045
343,0.7939881776425595
344,0.7944909487338976
345,0.7945819675716009
346,0.7947100012560345
347,0.7951820085765489
348,0.7954228903894572
349,0.7956199032660514
350,0.7957232518714148
351,0.7961846622772883
352,0.7968418037078425
353,0.7979319485842564
354,0.7979319485842564
355,0.7983149151774941
356,0.799262055794757
357,0.799513727783676
358,0.8017517812952955
359,0.8019318586474893
360,0.8020655126555141
361,0.8022925438875531
362,0.8039839006080624
363,0.8047411754040615
364,0.804758122522859
365,0.8052903340081559
366,0.8053263016011879
367,0.8053263016011879
368,0.8061144174888766
369,0.8066282450485086
370,0.8073247540154872
371,0.8086969298581772
372,0.8093886643376627
373,0.8096268193846651
374,0.8096268193846651
375,0.8096632516861136
376,0.8096632516861136
377,0.8100123631209373
378,0.8102127724005652
379,0.8105589971003253
380,0.8110560649776026
381,0.8115568617707144
382,0.8125220555826098
383,0.812799107991247
384,0.8129118716250465
385,0.8130857907044995
386,0.8135735008778231
387,0.8138602806121241
388,0.8148400492395756
389,0.8150134902833688
390,0.815241375531706
391,0.8156063736015841
392,0.8157581721941793
393,0.815914725590498
394,0.816164456304163
395,0.816164456304163
396,0.8162235090246527
397,0.8164940611251756
398,0.8167385797035462
399,0.8169673683090279
400,0.8172522892494447
401,0.8175846347895438
402,0.8176717837497155
403,0.8176889103204746
404,0.817812043194563
405,0.8182130363305663
406,0.8187887859874325
407,0.8194069146058965
408,0.8195196542175491
409,0.8202328543144541
410,0.8203607226077684
411,0.8211303064527428
412,0.8211893355776543
413,0.8214183589942528
414,0.8217345088269401
415,0.8225827775267354
416,0.8227991978659706
417,0.8236996086181191
418,0.8237988445923478
419,0.824553020802021
420,0.824618280368651
421,0.8247718807909836
422,0.8256592164614989
423,0.8273950793877077
424,0.8274586668191178
425,0.8275939271549966
426,0.8276037895181423
427,0.827991949212836
428,0.828235241702885
429,0.8283377673350167
430,0.8288815056778079
431,0.8296994571769064
432,0.8304358593264829
433,0.8306166278328745
434,0.8310961053906961
435,0.831124810985215
436,0.8317991087619172
437,0.831964688962208
438,0.8319992938816136
439,0.8319992938816136
440,0.8320258624171375
441,0.8322247509818994
442,0.832332795036008
443,0.8325866334330915
444,0.8326955826136505
445,0.8326955826136505
446,0.8329299311065456
447,0.8331041935065281
448,0.8335838687773082
449,0.8340779328788342
450,0.8342498685725964
451,0.8345481174506026
452,0.8348367502408619
453,0.8349283843650345
454,0.8349606304729299
455,0.8351043714807528
456,0.8357128541464154
457,0.8357200038108822
458,0.8358911912221477
459,0.8360370795708939
460,0.8361077147701371
461,0.8361077147701371
462,0.8361313799257148
463,0.8364908021666813
464,0.8367720924489552
465,0.8368635896025198
466,0.8369622171437556
467,0.8380600512379952
468,0.8381962792221483
469,0.8386036192610818
470,0.8386337927146029
471,0.8386482895683673
472,0.8392018834892202
473,0.8393902509141012
474,0.8403776861127188
475,0.8407538657180679
476,0.8412390516102697
477,0.8413521720555066
478,0.8419141214654254
479,0.8427465626934993
480,0.8439833436293519
481,0.8441235819883138
482,0.8441829413676384
483,0.8443370513969354
484,0.8443370513969354
485,0.8456135903335029
486,0.8470050900644981
487,0.8470748049898933
488,0.8473886920108096
489,0.8475329334563073
490,0.8482023211361087
491,0.848966852536095
492,0.8490963994949053
493,0.8490963994949053
494,0.849342715376377
495,0.849342715376377
496,0.8495643177235879
497,0.8508087960713547
498,0.8508497082451708
499,0.8508497082451708
500,0.8511045370237982
501,0.8514072234215376
502,0.8514072234215376
503,0.8523622026247625
504,0.8525881081646636
505,0.8530154848391249
506,0.8531589370335405
507,0.853724690466805
508,0.8541875295689677
509,0.8542956989643552
510,0.8544811427183864
511,0.855078632540786
512,0.8552708014066426
513,0.8553661792780817
514,0.8559677447355828
515,0.8562623778996585
516,0.8564872407658318
517,0.856502013924794
518,0.8571226886819774
519,0.8574631300004337
520,0.8576007853633201
521,0.8576161149656827
522,0.8576878752036137
523,0.8576878752036137
524,0.8586318962989167
525,0.8586318962989167
526,0.8587485733343816
527,0.8598111940624638
528,0.8598111940624638
529,0.8598443468325939
530,0.8598507460972229
531,0.8605190846318103
532,0.8612982053147784
533,0.8613683247329758
534,0.8616241705862524
535,0.862351320037017
536,0.8628400535653712
537,0.863363098508
538,0.8643092411510362
539,0.864815255010352
540,0.8650795548521231
541,0.8650795548521231
542,0.8653208102385374
543,0.8667094277862549
544,0.8677766463056849
545,0.8681977786414345
546,0.8685968074083579
547,0.8688010149556057
548,0.8688010149556057
549,0.8688676648541468
550,0.8688676648541468
551,0.8708372695430164
552,0.8718384686161802
553,0.873189179744376
554,0.8731975231904745
555,0.8734269140666182
556,0.8741289799994414
557,0.8753258748858123
558,0.8754079336376489
559,0.8763109710986547
560,0.8773660333376684
561,0.8774149666971522
562,0.8775636285990561
563,0.8778710618482284
564,0.8783816911650119
565,0.8791818874772392
566,0.8792555977999558
567,0.8793134909686696
568,0.881124587228712
569,0.8814063859459638
570,0.8817713006388486
571,0.882618188954305
572,0.8826914385149117
573,0.8841634653529961
574,0.884818183869157
575,0.8848428435899595
576,0.8874823063152378
577,0.887712054505893
578,0.8884154864671752
579,0.8884302161561777
580,0.8884453777615676
581,0.8888878347187928
582,0.8892376764092039
583,0.8894304561925789
584,0.8895117612806924
585,0.8911413139447423
586,0.8915354915412979
587,0.892228864788062
588,0.8923651872769316
589,0.8923651872769316
590,0.8924256622156381
591,0.8930064989488763
592,0.8931639062746816
593,0.8945177143839831
594,0.894999191702631
595,0.895970341192301
596,0.895970341192301
597,0.8960984978483466
598,0.8966545840894404
599,0.8970752088322177
600,0.897490902642508
601,0.8978185697803233
602,0.9004493413532201
603,0.9004690168014252
604,0.9004901651352298
605,0.902637099002687
606,0.9027160982276833
607,0.9028226057269575
608,0.9039103141089898
609,0.9041377225725944
610,0.9042690096337143
611,0.9051793669394806
612,0.9056832955693643
613,0.9058529490546775
614,0.9059029720813355
615,0.9075733958687588
616,0.9079143903767453
617,0.908188434120057
618,0.9091803826643978
619,0.9106619045636178
620,0.9114167007219067
621,0.9123011467621266
622,0.9124916845198636
623,0.9133089845382756
624,0.913424878052136
625,0.9144639519520327
626,0.9144639519520327
627,0.9146854692441501
628,0.9148688800730265
629,0.9153752255026081
630,0.9168518068614082
631,0.9182733755665058
632,0.9182821098472279
633,0.9187716066575817
634,0.9189291725277048
635,0.9194910305745017
636,0.9201649496257883
637,0.9201867809482356
638,0.9201867809482356
639,0.9203926421931108
640,0.9225392502700343
641,0.9237802076427147
642,0.9248736973941796
643,0.9248736973941796
644,0.9259269408836365
645,0.9277353911334336
646,0.9286123774035646
647,0.9286123774035646
648,0.9286823051514439
649,0.9291951017981019
650,0.929271631813993
651,0.9292902638904916
652,0.9294866136660053
653,0.929817350854138
654,0.9312580308376112
655,0.9316678774642086
656,0.9325253475647854
657,0.9337305682642753
658,0.9338875214494603
659,0.9344315051758846
660,0.9356343039518642
661,0.9364544066485341
662,0.9367785691381955
663,0.9368169787866759
664,0.9385796402365358
665,0.9387064521590177
666,0.9390302615150846
667,0.9391313194943082
668,0.9394693752469575
669,0.9399637388687544
670,0.9404560639059851
671,0.9421422313716248
672,0.9421422313716248
673,0.9423329492270434
674,0.9426278117771764
675,0.9426346290227622
676,0.9441615698134387
677,0.9443730295375455
678,0.9444039324486108
679,0.9444279295917549
680,0.9459277380257206
681,0.9460361626624867
682,0.9468401299278646
683,0.9468401299278646
684,0.9470946562916437
685,0.9475241056735804
686,0.9481554052340809
687,0.9481554052340809
688,0.9484252492480552
689,0.9486575847835541
690,0.9487876057230166
691,0.9495954798816848
692,0.9497019822718498
693,0.9500812700706517
694,0.9505597788414818
695,0.950917174059163
696,0.950917174059163
697,0.951295400830752
698,0.951295400830752
699,0.951408485279281
700,0.9517986708185924
701,0.9520185779241043
702,0.9528464897414164
703,0.9528893618940143
704,0.9537528369094117
705,0.9539153841657123
706,0.9546668671755818
707,0.9551769839997901
708,0.9556152526092487
709,0.9560604038918392
710,0.9569443511304098
711,0.9571297301881366
712,0.9574457962815893
713,0.9586162646769508
714,0.9595890305425681
715,0.9595890305425681
716,0.9599667256689571
717,0.9603393647600794
718,0.9603937950775803
719,0.960764605648154
720,0.9608406498616748
721,0.9613178205137756
722,0.961416193542281
723,0.9622159417029361
724,0.9629062258042826
725,0.9637888704424764
726,0.9653816384221118
727,0.9654390841576928
728,0.9686258149052187
729,0.9688924911638196
730,0.9698209653026083
731,0.9700251245160597
732,0.9702204718117163
733,0.9705752585729017
734,0.9718935377238451
735,0.9719651590051605
736,0.9720924940126903
737,0.973003256253227
738,0.9737067255536499
739,0.9739650078958826
740,0.974027571864643
741,0.974596525481007
742,0.9747844692453512
743,0.9748819286350535
744,0.9748819286350535
745,0.976094515476083
746,0.976123090515038
747,0.9766717376423034
748,0.9768186703693327
749,0.9768503327499025
750,0.9772421567978675
751,0.9774450104008201
752,0.9802704752573219
753,0.9803432587419474
754,0.9803726675977329
755,0.9809290954753117
756,0.9821075680049218
757,0.9822256960063619
758,0.982861730556556
759,0.9845874975930275
760,0.9849164876031486
761,0.9858483269734787
762,0.9859462583927491
763,0.9861728410320056
764,0.9865805050933096
765,0.9871329683772991
766,0.9896819430578636
767,0.9914132498279777
768,0.9916820315390449
769,0.9917764597116555
770,0.9924093478047961
771,0.9931525411581662
772,0.9937601403787032
773,0.9938228069335293
774,0.9941462536745846
775,0.995180160084956
776,0.9960675975188176
777,0.996326039764281
778,0.9968768563200664
779,0.9968768563200664
780,0.9969726318868084
781,0.9976573316300157
782,0.9976967568197153
783,0.9986616556088345
784,0.9987961931937697
785,0.999290872254611
786,0.9998875393443398
787,0.9998875393443398
788,1.0002345488624782
789,1.0003184394048588
790,1.000806439264576
791,1.001302289667898
792,1.001694348824995
793,1.001817784418819
794,1.001817784418819
795,1.0019621353953172
796,1.0023650402672388
797,1.0027871636518726
798,1.0029240430753243
799,1.003180658800551
800,1.003191635433883
801,1.0031981230709595
802,1.0037459283673322
803,1.0045187322134743
804,1.0051098985291784
805,1.0055694996790074
806,1.0068200842801263
807,1.007237216499941
808,1.0076068989195108
809,1.0076838718101864
810,1.008142205771104
811,1.009292121405151
812,1.0093445426333272
813,1.0098770799948058
814,1.0101486181680865
815,1.0106329874738103
816,1.0114868901291474
817,1.0123755258069267
818,1.0131238261865858
819,1.0134609977291074
820,1.0148748892721093
821,1.0153736468878198
822,1.0158111794736964
823,1.0166940126147848
824,1.017746547780277
825,1.0182000658917247
826,1.0189245033531251
827,1.0189384877991412
828,1.0208230358551023
829,1.0217912196090295
830,1.022405346800508
831,1.0227393124658197
832,1.0229641206787308
833,1.0248689697744213
834,1.0255569613070645
835,1.0257720052908361
836,1.0261612426555193
837,1.026448689107435
838,1.0267012283571362
839,1.0281537930822506
840,1.0282610504133507
841,1.0285133779909568
842,1.0287923031704875
843,1.0306079257412482
844,1.031160141802365
845,1.0317812071226502
846,1.0321399607654864
847,1.0325600764619849
848,1.033197809639082
849,1.0336593842179054
850,1.0345558113709763
851,1.0347782509349122
852,1.0351197500817297
853,1.0354192220513383
854,1.0355793704128151
855,1.0364603545126856
856,1.0372247394971152
857,1.0383872563061167
858,1.038449456743914
859,1.0385029617253707
860,1.039357836773892
861,1.0395001030605433
862,1.0410144616838912
863,1.0414096220763531
864,1.0420468447661482
865,1.042125147542626
866,1.0425545190171415
867,1.0439081902138159
868,1.0440426391168163
869,1.0443009517599098
870,1.0448356857119898
871,1.0459408672849637
872,1.0464271782127934
873,1.046604250458293
874,1.047899125601231
875,1.0482084984547766
876,1.0501491541961825
877,1.0504151969761144
878,1.0505157230696078
879,1.0510820182418186
880,1.0511809570494248
881,1.051480890249981
882,1.0515847619923373
883,1.0520189587484445
884,1.0523028956155196
885,1.052523425710572
886,1.0525401700801411
887,1.0526596162604847
888,1.0543394401111423
889,1.054655664946458
890,1.0551960086646417
891,1.0552835182374498
892,1.0553456621677122
893,1.0566467444474037
894,1.0567309542979633
895,1.0567386986179694
896,1.0571315325585928
897,1.0580220200154788
898,1.059191557366161
899,1.0607744691911247
900,1.0607744691911247
901,1.0618905111285526
902,1.0623218905037841
903,1.0633222400116689
904,1.0636213066323656
905,1.0643172356255957
906,1.0645126438300387
907,1.0655288006945614
908,1.0657787193442405
909,1.0659777337132483
910,1.0660998351184616
911,1.0672839121860793
912,1.0678473778300166
913,1.0680402525795125
914,1.0682252016987626
915,1.0682669932926352
916,1.0684494788209862
917,1.0684707346745315
918,1.0684707346745315
919,1.0691878683205096
920,1.0692938957551283
921,1.0699640629202198
922,1.0711805661625218
923,1.0717922900692227
924,1.072481686468041
925,1.073791449937199
926,1.0743391812238507
927,1.0744622635029724
928,1.0752868096715267
929,1.0756395361310247
930,1.077394494227501
931,1.0776699725918666
932,1.077696769180497
933,1.0787869535254042
934,1.07898085225152
935,1.0796291574815824
936,1.079697321993556
937,1.0805276695374615
938,1.0806700743635436
939,1.0810475605320569
940,1.0820137347141199
941,1.0826991781147681
942,1.0829177172026518
943,1.0834600193951403
944,1.0834833974171076
945,1.0840623462769543
946,1.084449526818264
947,1.084469555238138
948,1.0845562066457066
949,1.0847987974877702
950,1.0862237425302723
951,1.0877086757276802
952,1.0887613165184136
953,1.0887613165184136
954,1.0892946640015497
955,1.0892946640015497
956,1.089716184536717
957,1.0899396612423118
958,1.0903860026854866
959,1.0906764125962227
960,1.0907997933184597
961,1.091686950589246
962,1.091992076632313
963,1.0920495713042926
964,1.0924129746451936
965,1.0924129746451936
966,1.0933296387572389
967,1.0945482176983317
968,1.0949994776388914
969,1.095099782772283
970,1.095281730820455
971,1.095281730820455
972,1.0958230744362887
973,1.0958380510914643
974,1.0959190909289651
975,1.0959190909289651
976,1.0960742369979097
977,1.0971923247513218
978,1.0982522407187862
979,1.098962495155317
980,1.0999913701995692
981,1.0999913701995692
982,1.1006900356919023
983,1.1010623427657729
984,1.1012915800565395
985,1.1018346314294758
986,1.1037651013203509
987,1.1040414095755657
988,1.1048395778997155
989,1.1054843681758946
990,1.1056914241908902
991,1.1062246203309345
992,1.1070251479691442
993,1.1070251479691442
994,1.1074660397980198
995,1.1078963804551512
996,1.1090246726264914
997,1.109711869726117
998,1.1101801869634726
999,1.110606746948936
1000,1.1111635274507736
1001,1.1118419522732352
1002,1.1123249884881203
1003,1.1130314675631736
1004,1.1133148108309632
1005,1.1146769879115637
1006,1.1146769879115637
1007,1.1151511002808203
1008,1.1151712030374372
1009,1.1157327616258825
1010,1.1160939601528848
1011,1.1160939601528848
1012,1.1161474820062822
1013,1.118032300206385
1014,1.119638493388316
1015,1.1206542650433367
1016,1.1213546860142394
1017,1.1223545579721685
1018,1.1227304589917653
1019,1.1235932398705741
1020,1.1245218719715924
1021,1.125420070119644
1022,1.125728408499463
1023,1.1265811638884422
1024,1.1269777379123418
1025,1.1287890787592911
1026,1.12920442059021
1027,1.1300831865014513
1028,1.1305790122378099
1029,1.1310151778249893
1030,1.1310151778249893
1031,1.131339316344433
1032,1.1313793440829927
1033,1.132011815012002
1034,1.1325036251254557
1035,1.1333537549838775
1036,1.1334508300319193
1037,1.1336873060524308
1038,1.1338558809760246
1039,1.1357371614101075
1040,1.137372203195272
1041,1.137974203202206
1042,1.1381833877500196
1043,1.1381833877500196
1044,1.1390177222481357
1045,1.1391657274204041
1046,1.1394362511667409
1047,1.1401290575983847
1048,1.1406895239287969
1049,1.1409700349848413
1050,1.141248551228172
1051,1.1412562818754997
1052,1.1413001715234863
1053,1.1415749047962174
1054,1.1432254374564916
1055,1.14598840924123
1056,1.1461098111232648
1057,1.1466455670098232
1058,1.1466785194621616
1059,1.1469747373777024
1060,1.1472222653260262
1061,1.1495401045105007
1062,1.1503687722725862
1063,1.1503903861787526
1064,1.1513338711672219
1065,1.1524855839889157
1066,1.1530578591915108
1067,1.1530578591915108
1068,1.1564618662758883
1069,1.157187353131146
1070,1.158180352387145
1071,1.1601035414391119
1072,1.1610477950529794
1073,1.1616860891030496
1074,1.1618976518380517
1075,1.1627253595771596
1076,1.1631606497008375
1077,1.1638348018736286
1078,1.1641381705829308
1079,1.1641821197162858
1080,1.1644095568739807
1081,1.1646496307292211
1082,1.16480653773314
1083,1.1659507544737917
1084,1.1681570822913292
1085,1.1693430394980744
1086,1.1703470821335702
1087,1.1705674683414662
1088,1.1722492852138688
1089,1.1736166834178783
1090,1.175893731611336
1091,1.175893731611336
1092,1.1760651989082316
1093,1.176392246904294
1094,1.176524198056644
1095,1.177431467198445
1096,1.177438817154671
1097,1.1776887717034794
1098,1.1789613926345779
1099,1.1793905898184471
1100,1.1802196459017626
1101,1.1816210842923587
1102,1.1834725252610616
1103,1.1843983264713296
1104,1.1849569106593683
1105,1.1852923921078433
1106,1.1857881466597886
1107,1.1865126131701356
1108,1.1868222878212316
1109,1.186876493449257
1110,1.1883791057856754
1111,1.1891090304728726
1112,1.189572565515942
1113,1.191426841867402
1114,1.1918778547172593
1115,1.1919600132453623
1116,1.1922423990931488
1117,1.1928489069845805
1118,1.1930818498070224
1119,1.1944831782782273
1120,1.194784991260266
1121,1.1949059949468828
1122,1.1950518043630372
1123,1.1956651269226508
1124,1.1960874047487637
1125,1.1960874047487637
1126,1.1980373113947347
1127,1.1997323234936599
1128,1.1997805378250266
1129,1.199940986078686
1130,1.2011543152954418
1131,1.2012806694053866
1132,1.2014755495490794
1133,1.2022899011772927
1134,1.2025256222455953
1135,1.2025256222455953
1136,1.2027538220637566
1137,1.2030661884295615
1138,1.204165906339757
1139,1.2042924785626117
1140,1.204847287625759
1141,1.2052762724899004
1142,1.2054543609140687
1143,1.2058746960139908
1144,1.2060269086481545
1145,1.206196009491293
1146,1.2067169807587403
1147,1.207622612968287
1148,1.207622612968287
1149,1.2082067497691764
1150,1.209203653215329
1151,1.209371066586073
1152,1.2109658943719663
1153,1.2136536895469061
1154,1.2143012241272042
1155,1.2167076662458025
1156,1.2182183634424555
1157,1.2184428419868774
1158,1.2202166395203473
1159,1.2202182997859703
1160,1.22045990112212
1161,1.222649892106598
1162,1.22344415316827
1163,1.2237331812237666
1164,1.2237331812237666
1165,1.2250771670490799
1166,1.2252476015986564
1167,1.2258188409838187
1168,1.2263660600361106
1169,1.22804671049856
1170,1.228672674950606
1171,1.228672674950606
1172,1.2291357744985176
1173,1.2296254364910513
1174,1.2296469489736561
1175,1.233633021173617
1176,1.2342561033257526
1177,1.2346889758859856
1178,1.2350475715988345
1179,1.235731019072829
1180,1.2359033352829492
1181,1.2359384952965724
1182,1.2369511819928976
1183,1.2380423981118698
1184,1.2389194417242466
1185,1.2401960140066364
1186,1.2409986502456827
1187,1.2423870790543527
1188,1.2428996740423615
1189,1.2438329660866296
1190,1.2441436520953186
1191,1.2455599069412004
1192,1.2456417909623467
1193,1.2456417909623467
1194,1.2463987540867814
1195,1.2469020668866735
1196,1.2471470221588012
1197,1.247181859082447
1198,1.2476374311248257
1199,1.2485167165903153
1200,1.2485592518921995
1201,1.2493765200226206
1202,1.2498098274483604
1203,1.250869930196828
1204,1.2519610454161156
1205,1.2533200748845263
1206,1.2539035409428112
1207,1.255404117412222
1208,1.2555794683851755
1209,1.2568657635048237
1210,1.2573352865315544
1211,1.25762726193629
1212,1.2590487693994707
1213,1.2593662229351592
1214,1.2603451071624234
1215,1.2604115873561546
1216,1.2606879572673078
1217,1.2617222340222272
1218,1.2647750359753807
1219,1.2682371633161476
1220,1.2683307136828004
1221,1.2690234965052043
1222,1.2690462253705233
1223,1.2698642286418558
1224,1.2700858949266847
1225,1.270745089468527
1226,1.271602954127995
1227,1.2727320529359307
1228,1.2730712133191837
1229,1.2737251470385467
1230,1.2744457492153134
1231,1.2744457492153134
1232,1.276312936886281
1233,1.2764584856973207
1234,1.2766159890997557
1235,1.276693352081403
1236,1.276988621837741
1237,1.2801183462309664
1238,1.280121976318213
1239,1.281263228629206
1240,1.2813447597765981
1241,1.2818046813852482
1242,1.2835891447710266
1243,1.2838500922753457
1244,1.2878817096479172
1245,1.2878817096479172
1246,1.2879326734175756
1247,1.2882383999666638
1248,1.2882383999666638
1249,1.2886673777613642
1250,1.2886673777613642
1251,1.2890179556644616
1252,1.2891681202519292
1253,1.2900702663838748
1254,1.291729081250071
1255,1.294066676829972
1256,1.294750951243447
1257,1.295585856243208
1258,1.2970144201832523
1259,1.2971096260043808
1260,1.2976353625411468
1261,1.2979715268637837
1262,1.298270164506152
1263,1.2983021883797905
1264,1.2986907525829707
1265,1.3001730019830684
1266,1.3001730019830684
1267,1.3004721897979363
1268,1.300688739945019
1269,1.300795055193763
1270,1.301129928486846
1271,1.301129928486846
1272,1.303122714084299
1273,1.3036421539162844
1274,1.3036421539162844
1275,1.3039205560958869
1276,1.3057681207080596
1277,1.3059477743078765
1278,1.3067220792994738
1279,1.307728804447745
1280,1.3092099819206948
1281,1.3097035384398739
1282,1.3104355280218951
1283,1.312210702464649
1284,1.3123152326876313
1285,1.3131134469921861
1286,1.3149492667347171
1287,1.3150407124782901
1288,1.3153359528928519
1289,1.3175035205264174
1290,1.3195370004023959
1291,1.3210191483578662
1292,1.324252706717846
1293,1.32445512344309
1294,1.32445512344309
1295,1.3245486518709386
1296,1.3247510611745217
1297,1.3275533269993058
1298,1.3278250837373835
1299,1.3283543890851215
1300,1.3286864413134067
1301,1.328749434669573
1302,1.328749434669573
1303,1.3290945059638595
1304,1.32964572278375
1305,1.32979243318339
1306,1.3335625411404557
1307,1.333727148751354
1308,1.3351378351179481
1309,1.3354758126966984
1310,1.3372180828372078
1311,1.3375633623170926
1312,1.3375818910226447
1313,1.3397947067727674
1314,1.3397947067727674
1315,1.3404922063916518
1316,1.3415685218168245
1317,1.3460917910624421
1318,1.3469712685900563
1319,1.348639558767071
1320,1.3488634327685083
1321,1.3506604032788605
1322,1.3543504557331578
1323,1.3544877044423447
1324,1.3550452610363684
1325,1.3563052709999022
1326,1.3564682008033428
1327,1.3566852215184333
1328,1.3580462269012605
1329,1.3582362480061154
1330,1.3588263628429171
1331,1.359483725111628
1332,1.3597236968180708
1333,1.3602602331883
1334,1.3605921856505032
1335,1.3631054750983331
1336,1.3632979928126636
1337,1.363547752248081
1338,1.3640224494292876
1339,1.3646557255312075
1340,1.3646557255312075
1341,1.365163037297645
1342,1.365163037297645
1343,1.3656256728914837
1344,1.3675637961644729
1345,1.367901312451757
1346,1.3693117367629797
1347,1.369342814588692
1348,1.3703823661361791
1349,1.3707143550813183
1350,1.371328296610798
1351,1.3717451949918926
1352,1.3717451949918926
1353,1.374334133702608
1354,1.3757598042238866
1355,1.375907224664269
1356,1.375907224664269
1357,1.3762721951737347
1358,1.376539139056562
1359,1.376539139056562
1360,1.3766127927476417
1361,1.3770391460754097
1362,1.3796524188389372
1363,1.3815680209675971
1364,1.3847607001597049
1365,1.3869867890086356
1366,1.389098970424433
1367,1.3891214605939375
1368,1.3906946207081465
1369,1.3910141620549106
1370,1.3910141620549106
1371,1.3912861877403528
1372,1.3913670554061566
1373,1.393305624041762
1374,1.393762854116427
1375,1.3958781729658585
1376,1.3979774357083958
1377,1.3985966217562678
1378,1.3987788568650141
1379,1.40004643318826
1380,1.4010525874902011
1381,1.4038630188647239
1382,1.404407751360983
1383,1.4048723746604561
1384,1.4066368684349124
1385,1.4074047100661766
1386,1.407717476209652
1387,1.4087273954968584
1388,1.4088485727605995
1389,1.410414262023936
1390,1.410668788300062
1391,1.4110831512382722
1392,1.4128324393613831
1393,1.4144969545961994
1394,1.4158665201446514
1395,1.416875075146951
1396,1.4173573703033824
1397,1.4196791316154342
1398,1.4196791316154342
1399,1.4197833107380493
1400,1.4197833107380493
1401,1.4201045807302588
1402,1.420581794987284
1403,1.4220142334674566
1404,1.422781523837091
1405,1.4235184385677127
1406,1.4246475835388501
1407,1.4261638108977062
1408,1.4264335369640675
1409,1.4299316976082013
1410,1.4305653182643596
1411,1.4317995146120026
1412,1.4328243248435917
1413,1.4332032073566046
1414,1.43399281599971
1415,1.4346054873925942
1416,1.4351489400814337
1417,1.4359485827452187
1418,1.4359485827452187
1419,1.4370110028188017
1420,1.4370110028188017
1421,1.4391734422563764
1422,1.4392253779438309
1423,1.4423353241393335
1424,1.442703752779593
1425,1.442871232158184
1426,1.4432155255448027
1427,1.4434806904447899
1428,1.4454682566798032
1429,1.4483037389105744
1430,1.4487820826417241
1431,1.4488131338307884
1432,1.4492933482814092
1433,1.4503848142259124
1434,1.4516634376233806
1435,1.452572722383324
1436,1.459346173840135
1437,1.4595428509743429
1438,1.4604319359544455
1439,1.4605136342043474
1440,1.4615066327771453
1441,1.4616814272871619
1442,1.4634665744346778
1443,1.4658587445472953
1444,1.4662974695107058
1445,1.467207764210793
1446,1.4676905134121383
1447,1.468482931072977
1448,1.4696531048865333
1449,1.4723040460135874
1450,1.4723040460135874
1451,1.4729433613970089
1452,1.473848867936788
1453,1.473848867936788
1454,1.474249607729473
1455,1.4745505406510404
1456,1.4746131065115884
1457,1.4749318286006958
1458,1.475284379445128
1459,1.4763869068619968
1460,1.4766156347567116
1461,1.477014273894345
1462,1.4770167925027773
1463,1.4781979450665503
1464,1.4797111677479722
1465,1.4804201577811458
1466,1.4804201577811458
1467,1.48157547167453
1468,1.48157547167453
1469,1.4824380115993858
1470,1.4826512860217538
1471,1.4845964202654451
1472,1.4861270008065577
1473,1.4865803807889049
1474,1.4871663912417787
1475,1.4880557663307352
1476,1.4882167888703157
1477,1.488495976781606
1478,1.4891536154134895
1479,1.4898608047021333
1480,1.4924102770379322
1481,1.4931072340616367
1482,1.4973086734997114
1483,1.4978549007735873
1484,1.4979878022388928
1485,1.5025346003156814
1486,1.5050138596909748
1487,1.5061403487233527
1488,1.506526185758634
1489,1.510142787608216
1490,1.5121343404354104
1491,1.5121410544292555
1492,1.5130016567901858
1493,1.513310137941462
1494,1.5154657332013912
1495,1.517324247469564
1496,1.5188024537092224
1497,1.5194798421644895
1498,1.5199939536678586
1499,1.520908251028529
1500,1.5248431206858137
1501,1.526046517434106
1502,1.5267683131656498
1503,1.5271500693202538
1504,1.5288878329054694
1505,1.5295661373270637
1506,1.5295825617861731
1507,1.5311069126159904
1508,1.5317675181938
1509,1.5329234471534947
1510,1.5329234471534947
1511,1.533941056814629
1512,1.5345125504996289
1513,1.5372727989345436
1514,1.540591085399742
1515,1.5407819018966913
1516,1.5420123817752518
1517,1.5442781112711628
1518,1.5454174991293241
1519,1.5456564498128167
1520,1.5474797032502225
1521,1.5514041661306337
1522,1.5519839116098766
1523,1.5522526469141047
1524,1.5540449550616104
1525,1.5540449550616104
1526,1.5560393438254194
1527,1.5564792126049762
1528,1.5579186568968726
1529,1.5589754221596042
1530,1.5622935391007966
1531,1.5623427608355402
1532,1.5630094070429175
1533,1.564989652225894
1534,1.5660416517645146
1535,1.5682700441808235
1536,1.5684685000536003
1537,1.568810686946314
1538,1.573368379306664
1539,1.5748051093436748
1540,1.5748051093436748
1541,1.575533815698817
1542,1.576364943502717
1543,1.5769868294015732
1544,1.5770827037538089
1545,1.5774537264819297
1546,1.577522294391808
1547,1.5779907745807733
1548,1.5780792464775004
1549,1.5785157362935696
1550,1.5840185754437264
1551,1.588959656137724
1552,1.5894343302480103
1553,1.590901414666113
1554,1.5937869929873552
1555,1.593913368124544
1556,1.595233020701235
1557,1.5955601368139294
1558,1.5955601368139294
1559,1.5959579609660488
1560,1.59680930782599
1561,1.5971448155054735
1562,1.5989850049959122
1563,1.5994220075908514
1564,1.599676723686749
1565,1.600415121808534
1566,1.601000053981317
1567,1.6026246554494121
1568,1.6026246554494121
1569,1.60379094961388
1570,1.607108362649257
1571,1.6086523515815567
1572,1.6099249062979972
1573,1.6168925896374522
1574,1.6171038165540492
1575,1.6172834465161448
1576,1.6186178166127374
1577,1.6205419147781233
1578,1.6225913827931682
1579,1.6226037939103741
1580,1.627211923950154
1581,1.6274694292830132
1582,1.6287723022300462
1583,1.6322101795795354
1584,1.6335137813323881
1585,1.636383045324826
1586,1.6373602158090843
1587,1.6379660058838437
1588,1.6385897729100696
1589,1.6404508461881222
1590,1.643675225914717
1591,1.6442635264939391
1592,1.644791833687713
1593,1.6449513606893744
1594,1.6472530350399313
1595,1.6492617451351432
1596,1.649357931050677
1597,1.6525845459920738
1598,1.6558600462472015
1599,1.6558600462472015
1600,1.6574828029585753
1601,1.6614204669005541
1602,1.6623791816946631
1603,1.6634780101896152
1604,1.6644403166758504
1605,1.6657258784655185
1606,1.667154555648157
1607,1.6794113498669134
1608,1.680040453413467
1609,1.6815943168502128
1610,1.683211421641304
1611,1.683211421641304
1612,1.6853299481375275
1613,1.6876376364320478
1614,1.6887451602586134
1615,1.6918219455952288
1616,1.6955100560686052
1617,1.6965056676516175
1618,1.702917911577302
1619,1.704218436836063
1620,1.713653267731274
1621,1.717839602351772
1622,1.7189888652316918
1623,1.7196913801521894
1624,1.7216327349574858
1625,1.7223707218386046
1626,1.7234509527707325
1627,1.7243810396941848
1628,1.7243810396941848
1629,1.7247236369791614
1630,1.7250655635811163
1631,1.7258902837801928
1632,1.7275513912458396
1633,1.730287007432785
1634,1.7326552345074995
1635,1.7394577149863508
1636,1.740798675600948
1637,1.74191615809526
1638,1.743593808629573
1639,1.7436273453734947
1640,1.7447679566997845
1641,1.7453025965948117
1642,1.7465915778489403
1643,1.7516384187275575
1644,1.7547208943021229
1645,1.7547208943021229
1646,1.7553330826535196
1647,1.7564264488081553
1648,1.7578714018664383
1649,1.7619236171326522
1650,1.7647476333134595
1651,1.7700764456341913
1652,1.774174572225897
1653,1.7745458268351775
1654,1.7783317090623123
1655,1.7810041615421233
1656,1.7821010926222212
1657,1.7843252755233174
1658,1.7860251672031275
1659,1.792896036242928
1660,1.7954501391425606
1661,1.7976780759863151
1662,1.7988858008460415
1663,1.7996258655166557
1664,1.80092560704414
1665,1.8082270286324469
1666,1.81284425679823
1667,1.815121206101176
1668,1.8179118248496817
1669,1.820598542552352
1670,1.82107542180284
1671,1.8213405004529564
1672,1.8219150296533153
1673,1.8221742121933215
1674,1.8241122608699014
1675,1.8292376438006503
1676,1.8347548238191926
1677,1.8395007233858054
1678,1.8414201856387276
1679,1.8415434033293394
1680,1.8422911714470653
1681,1.8468678788203814
1682,1.8468678788203814
1683,1.847334041249285
1684,1.847334041249285
1685,1.8499559996378068
1686,1.8509435826943257
1687,1.859860763997242
1688,1.8607842621694026
1689,1.863016699921951
1690,1.8637972124701436
1691,1.8643788486128898
1692,1.8711481279013633
1693,1.878535127990403
1694,1.878535127990403
1695,1.881595703431356
1696,1.8863422258329532
1697,1.8864034315447715
1698,1.8876823591142695
1699,1.8883920599587158
1700,1.8962971485894728
1701,1.9037415066660017
1702,1.9176126997972862
1703,1.9180166292707137
1704,1.9262988110451909
1705,1.9324208385110384
1706,1.9330871016262667
1707,1.9344103054434068
1708,1.9361888536692384
1709,1.9380168370497033
1710,1.93936352017498
1711,1.9407199605946421
1712,1.943503512063486
1713,1.9454053387751264
1714,1.9476671846428546
1715,1.9504649635294966
1716,1.9551780520674906
1717,1.9568771869723913
1718,1.9631497822258972
1719,1.9738247167284662
1720,1.975141969317465
1721,1.9794501272588727
1722,1.9796225094362918
1723,1.9888833123390328
1724,1.991174131532117
1725,1.9922632255075263
1726,1.999545909363632
1727,2.0035730117963304
1728,2.003657365001829
1729,2.0149947311192324
1730,2.0175895032706808
1731,2.020104161514872
1732,2.024337834283589
1733,2.0291601478729953
1734,2.0454131954460126
1735,2.0482392020625344
1736,2.0539231993570266
1737,2.054737986078616
1738,2.0581135135485815
1739,2.0610291082403003
1740,2.0628954149049306
1741,2.0628954149049306
1742,2.0632145456292124
1743,2.063615097024182
1744,2.0647322028987647
1745,2.081900113206406
1746,2.081906194745691
1747,2.084271509506049
1748,2.0876939085479798
1749,2.0880175759040434
1750,2.088694576283733
1751,2.099700718214243
1752,2.101046061027776
1753,2.1030191575281383
1754,2.1045146556756102
1755,2.1160188328994143
1756,2.121718184281916
1757,2.1261805944073973
1758,2.132347634987471
1759,2.13418292756701
1760,2.135014726650207
1761,2.136059086130789
1762,2.136185211212663
1763,2.1402619097992854
1764,2.1435386792993167
1765,2.143856521203607
1766,2.144463623572312
1767,2.144463623572312
1768,2.153948685170314
1769,2.155121035934613
1770,2.1552584568575024
1771,2.1572511239631496
1772,2.1653258305451972
1773,2.166064328779852
1774,2.1798311349867494
1775,2.1824771599392143
1776,2.1937532931534087
1777,2.19428122408384
1778,2.1956799857258513
1779,2.196044657008096
1780,2.1977495030705754
1781,2.203168685955878
1782,2.2065789316922415
1783,2.208871338259904
1784,2.21228919764665
1785,2.2151945919650533
1786,2.233072866599429
1787,2.241864532304315
1788,2.2430827759317844
1789,2.2444730008551526
1790,2.246655532242269
1791,2.2588594258242343
1792,2.259610046430495
1793,2.2601945200954616
1794,2.262583147039451
1795,2.2676145318615313
1796,2.2720913108644782
1797,2.274830165639475
1798,2.2758875534697487
1799,2.2790424993636695
1800,2.2814286684440064
1801,2.2861383763414804
1802,2.2877408646819744
1803,2.294074023301092
1804,2.3032827240172056
1805,2.305042082904884
1806,2.3117829188507506
1807,2.3126223142431055
1808,2.3147234634065574
1809,2.3184295715910856
1810,2.3218009051600808
1811,2.32180261179796
1812,2.3218568092170595
1813,2.3218592123319333
1814,2.3222838890417377
1815,2.3234793560017435
1816,2.329666594329386
1817,2.3344895338012535
1818,2.341013799008909
1819,2.3413828330519526
1820,2.3438859136713948
1821,2.3495393737498236
1822,2.351807910553687
1823,2.3525605150768896
1824,2.356901296765614
1825,2.3572807650689556
1826,2.3620144242930463
1827,2.3730878038727954
1828,2.381149619456965
1829,2.3820336959680826
1830,2.395917421299549
1831,2.4011869210981582
1832,2.40432324070792
1833,2.40432324070792
1834,2.410048443045171
1835,2.4147886308994235
1836,2.4283981411894193
1837,2.4378030142054943
1838,2.441399973715328
1839,2.4521340783002046
1840,2.4611436974833283
1841,2.4611436974833283
1842,2.4634360209807906
1843,2.4757267107767333
1844,2.484030756231668
1845,2.4954041868355485
1846,2.496615094810931
1847,2.5234368855616474
1848,2.528626327486904
1849,2.534458482129147
1850,2.534458482129147
1851,2.5373796175516445
1852,2.542414305927771
1853,2.5429711174366156
1854,2.5619620212161642
1855,2.563614161448328
1856,2.5746368985386248
1857,2.5802879519784256
1858,2.585728714235116
1859,2.588384530239891
1860,2.5952444651753206
1861,2.5978270196290856
1862,2.609381292092786
1863,2.611599358476368
1864,2.6413686397710525
1865,2.657932924485888
1866,2.658297004844871
1867,2.667792522358043
1868,2.6685338153708296
1869,2.6696168794883506
1870,2.68811563183759
1871,2.691267215522864
1872,2.691267215522864
1873,2.719587724841399
1874,2.7200355215151037
1875,2.724288383687677
1876,2.74468556951215
1877,2.756602925305639
1878,2.7574787605600974
1879,2.7586131840692363
1880,2.7610563640920667
1881,2.778887899645081
1882,2.7974752843632658
1883,2.8140448238202596
1884,2.8158759666328477
1885,2.8200611306591252
1886,2.8215953990116027
1887,2.8215953990116027
1888,2.8270619058615707
1889,2.8295399258283243
1890,2.8377160293346195
1891,2.8385016682210633
1892,2.8395215879452693
1893,2.8405767055355606
1894,2.851335405193634
1895,2.8521581714053483
1896,2.8594935186464316
1897,2.861544092468047
1898,2.862789023000574
1899,2.864581423498726
1900,2.873879373645856
1901,2.879903718650473
1902,2.8814995145681856
1903,2.8947261197653784
1904,2.918007215381133
1905,2.918237066084928
1906,2.9214438514648857
1907,2.941063721580632
1908,2.9424630872773596
1909,2.956910693545791
1910,2.9578955450348383
1911,2.9685439683726127
1912,2.988703743529284
1913,3.0005175827106196
1914,3.0175034439935287
1915,3.019949773904429
1916,3.025331248034415
1917,3.0278074820863847
1918,3.0301672184386983
1919,3.0304399640533384
1920,3.081790517651794
1921,3.1004956497772787
1922,3.1188719318681226
1923,3.173997490020741
1924,3.176104394409824
1925,3.1916733564405533
1926,3.2841401725988675
1927,3.3176357605642237
1928,3.3351177854137593
1929,3.336075990024837
1930,3.339302488547202
1931,3.366168058155856
1932,3.388228904726579
1933,3.392268433828662
1934,3.392268433828662
1935,3.4221677943080704
1936,3.4331385514963193
1937,3.437188144841482
1938,3.445956308758641
1939,3.4626947777456967
1940,3.52190665556643
1941,3.5652324679861347
1942,3.5932146109822565
1943,3.6248744668109616
1944,3.6318615563643575
1945,3.6417517038263107
1946,3.6623352644655123
1947,3.6661490311868707
1948,3.687762571072463
1949,3.7201641925880495
1950,3.7226681316092396
1951,3.747134123823183
1952,3.7733369380667656
1953,3.7994343229118566
1954,3.8144879326550445
1955,3.8432234033523547
1956,3.8785009802178405
1957,3.9034315757085736
1958,3.9080200193633026
1959,3.916331113912532
1960,3.973639219045768
1961,4.006612214751017
1962,4.033290734181879
1963,4.059332824115807
1964,4.098227931842642
1965,4.150197043435371
1966,4.186291031726675
1967,4.191458918537005
1968,4.273597893234665
1969,4.281539493015669
1970,4.308626159927947
1971,4.407595819267999
1972,4.415785223930682
1973,4.488293124092879
1974,4.500637460073713
1975,4.5052062105315684
1976,4.53925409447654
1977,4.5537508042291135
1978,4.56828346457999
1979,4.671619512344114
1980,4.671619512344114
1981,4.672792109391166
1982,4.690582698889686
1983,4.703281802681768
1984,4.732461869472688
1985,4.85193181599803
1986,5.016549618059634
1987,5.105024341821197
1988,5.182368009099404
1989,6.0752726074245595
1990,6.780752052160177
1991,25.623989474098323
1992,25.626837809398133
1993,25.65565904711966
1994,30.88730877194264
1995,30.943189402033983
1996,31.442790924341306
1997,31.47671224401323
1998,31.66663047283585
1999,31.690487902877845
2000,44.60699367072597
